<?xml version="1.0" encoding="utf-8"?>
<!--
- phpMyAdmin XML Dump
- version 4.8.3
- https://www.phpmyadmin.net
-
- Host: localhost
- Generation Time: Jul 12, 2019 at 07:40 PM
- Server version: 10.1.37-MariaDB
- PHP Version: 7.2.12
-->

<pma_xml_export version="1.0" xmlns:pma="https://www.phpmyadmin.net/some_doc_url/">
    <!--
    - Structure schemas
    -->
    <pma:structure_schemas>
        <pma:database name="sdrive" collation="latin1_swedish_ci" charset="latin1">
            <pma:table name="sfiles">
                CREATE TABLE `sfiles` (
                  `fileid` varchar(32) CHARACTER SET latin1 COLLATE latin1_bin NOT NULL,
                  `filenm` text NOT NULL,
                  `fileext` varchar(10) NOT NULL,
                  `filesize` double NOT NULL,
                  `suser` varchar(30) NOT NULL,
                  `filepth` text NOT NULL,
                  `pagepth` text NOT NULL,
                  `fileshare` tinyint(1) NOT NULL,
                  `uploadtime` timestamp NOT NULL DEFAULT CURRENT_TIMESTAMP,
                  PRIMARY KEY (`fileid`),
                  KEY `fileid` (`fileid`),
                  KEY `fileid_2` (`fileid`)
                ) ENGINE=InnoDB DEFAULT CHARSET=latin1;
            </pma:table>
            <pma:table name="suser">
                CREATE TABLE `suser` (
                  `fnm` varchar(15) NOT NULL,
                  `lnm` varchar(15) NOT NULL,
                  `mail` varchar(30) NOT NULL,
                  `pw` varchar(32) NOT NULL,
                  PRIMARY KEY (`mail`)
                ) ENGINE=InnoDB DEFAULT CHARSET=latin1;
            </pma:table>
        </pma:database>
    </pma:structure_schemas>

    <!--
    - Database: 'sdrive'
    -->
    <database name="sdrive">
        <!-- Table sfiles -->
        <!-- Table suser -->
    </database>
</pma_xml_export>